ID,Titre,Auteur,Date,Texte,Type
1,Is it just me or is Reece James INCREDIBLY overrated?,Elon-Mustget-thatass,2023/11/25,"I genuinely think this guy has some incredible PR with the help of Chelsea fans and the media. This dude has straight up been pants since march of 2022 and is somehow still in the â€œbest rb itwâ€ convo â€œwhen fit/availableâ€. Is built like a gym devotee yet has the endurance and stamina of a wet shoe box, puts in a good attacking performance every 3 to 5 BUSINESS weeks (not even an exaggeration) and defensively, well, ask Anthony F*CKING Gordon who boned him and got him sent to the showers, probably for the better.",Reddit
2,Messi was NOT the best player last season and/or year,thesadhra,2023/10/26,"I know the Messi defence brigade will come out of their holes to justify this decision but honestly at this point I donâ€™t care. Messi obviously one of the best players of all time but in no way was Messi better than Haaland last season. Outside of the WC Messi was outshined by Mbappe within the same league and he got dogwalked by Bayern in the UCL. If Messi went to the premier league and in his very first season broke the prem goal record, was top scorer in the UCL and went ahead and won the clubs first ever treble then he would have won the Ballon Dâ€™or regardless of whatever happened in the WC. The people calling for him to win the award now will still be wanting him to win it then. Letâ€™s face it the award is massively biased and is nothing more than a popularity contest. Messi and others have robbed people in the past and theyâ€™ll continue to do so in the future.",Reddit
3,Why are mainstream sports networks misrepresenting Mudrykâ€™s transfer fee ?,wilmo1247,2024/01/04,He cost an initial 62m with another 26m depending on Chelsea winning Multiple PL and CL and Mudryk winning ballon Dâ€™or If shakhtar get all the add ons from Chelsea its not only a good deal but a bargain especially when you think Newcastle paid 60m 4 Gordon and Arsenal paid 65 for havertz,Reddit
4,England unfairly play at home?,Regretto_hardbass,2021/07/07,"How unfair is it from UEFA to have England play 6 out 7 games AT HOME???? It is just unbelievable especially now that they're in the final and have all the fans at Wembley..Edit: Okay I see a lot of ignorance, so I will update you on the situation, so there is a little situation going on called pandemic and unlike previous years you can't go to wembley if you are a foreigner and want to support your team, understood?Re edit: I thought there would have been a more adult conversation but it is just a lot of mad english fans not answering my question, oh well",Reddit
5,VAR on its own kills the excitement of goals for me,spinebreak01,2022/12/05,"Back in the days I would be so happy for my team to score, yelling in front of the TV and going crazy, this is how much I loved the sport. VAR nowadays makes these cathartic feelings non-existent for me, as I have a constant phobia of VAR taking the goal away for offside or some other reason. Is that a problem you guys dealing with too, or the burnout is only real for me? I have seen so many goals taken away that I am always reluctant to feel the joy before making sure VAR is allowing it and that feeling simply hits different.",Reddit
6,VAR is doing just fine. You just freak out when itâ€™s against your team.,carbust20,2023/11/09,"It probably gets 95% of the calls right. FIFA says 99.3% but I donâ€™t think so. Still, if it didnâ€™t exist everyone would be crying to implement technology like they did before.  Think of all the goals/no goals that have been rightfully overturned. Even if there are some horrible calls sometimes, the good calls outweigh the bad ones.",Reddit
7,I love what the saudi league is doing,soyosantino,2023/08/24,"As a south american it's always been so frustrating to lose our best players in the middle of the season or even in the middle of the libertadores (south america's champions league for the uninitiated) to middle of nowhere second tier spanish clubs with absolutely no history simply because they had more money, we had always been told that we were crybabies and that players left to get better competition, now suddenly, a new league appears, with more money than europe and most importantly no income tax, and players start leaving, at the beggining it was only finished has beeens, now manÃ© firmino and mendy?It has been a blast seeing european football fans use the exact same arguments we have always been mocked for this last month, and I hope this keeps upVamos rojo que de esta salimos",Reddit
8,Luis Suarez is arguably the best striker at almost 37 years old.,smasakari,2023/11/12,Luis Suarez who turns 37 in two months and is playing with a knee injury has taken Gremio who were in the Brazilian second division last season to join first in the first division having the most assists and most GA in the league including 17 GA in his last 14 games and top it off he just scored a 19-minute hattrick against the league leaders in their own back yard to complete the comeback from 3-1 down and give Gremio a fighting chance to win the league for the first time in 42 years Suarez has failed to have a goal contribution in only two games in the last 3 months at almost 37 he's been Gremios best player and perhaps South American football's best player I don't think any number 9 in history has an individual impact on their teams like Suarez did he was world class in a decent Liverpool side he won the treble with the Barcelona side that had finished trophyless he won Atletico Madrid's first league title in seven years now this madness with Gremio,Reddit
9,How is that a penalty for Liverpool?,currymuncher1001,2024/01/01,"Diogo Jota is 1-on-1 with Newcastle GK DÃºbravka, and takes the ball past him. DÃºbravka then tries to get the ball but makes no contact with him OR Jota, and then Jota dives a few seconds later and the penalty is given. VAR is an absolute disgrace!",Reddit
10,Help me enjoy watching football again,chabo11,2023/12/27,"Iâ€™ve started to become disillusioned by how much flopping there is in football. It feels like every game is a race to see who can bait the referees more. I love the basics of the game, but canâ€™t stand how every 5 minutes a highly paid professional athlete writhes on the ground after not even being touched. Often it determines the outcome of the game.Obviously this is not a new complaint, so Iâ€™m curious how youâ€™ve overcome this to still enjoy the games.",Reddit
11,Do Lewandowski and Kane prove that Bundesliga is an statpadding league,juankruh1250,2023/11/29,"Lewandowski stats in La Liga: 30 goals in 46 Games (0.65)Lewandowski in his last 2 seasons in Bundesliga: 76 Goals in 63 Games (1.23Kane in 22/23: 30 Goals in 38 Games (0.78)Kane in 23/24: 18 Goals in 12 Games (1.50)As you guys can see, scoring in the Bundesliga is considerably easy",Reddit
12,Kind of fed up about all the hype about Ronaldo in Saudi,geniusdeath,2023/12/12,"Lemme clarify myself as I feel the title isn't easy to understand. Cristiano Ronaldo is my favourite player, I like him even over Messi. But all these tweets about he's scored 30 goals! 40 goals! 50 goals this year! By news outlets and popular figures like Fabrizio Romano. It's just got me a little irritated, as it's not really as big of a news if he is dropping down into worse (player quality wise) leagues to bang in goals.What do you all think? I know Ronaldo is a popular figure and will always be surrounded by news headlines, but do you think my line of reasoning is wrong?",Reddit
13,MÃ¼ller statement about the Nation League,SeparateLetterhead31,2022/06/13,"So MÃ¼ller said that the Nations League was a competition that only Portugal and the Netherlands care about.But I sincerely think that national teams who go to competitions and donâ€™t care about them are in big trouble.Nations League is an important tournament that should be respected, because you have the best national teams playing against each other and is a big turn of, listening to a player saying his team those not care.What do you think about his statement?",Reddit
14,Top 10 European players of all time,juankruh1250,2023/08/30,1. Cristiano Ronaldo2. Johan Cruyff3. Zinedine Zidane4. Michel Platini5. Thierry Henry6. Gianlugi Buffon7. Andres Iniesta8. Paolo Maldini9. George Best10. Xavi HernandezThoughts?  Which players did I miss?,Reddit
15,The Tottenham players should be proud of themselves.,Dry_Bus_935,2023/11/06,"I don't get what Hoddle is on about. Of course Chelsea didn't play as well as they should've, the high line wasn't that necessary, but if not for those red cards, it would've been 4-1 the other way. It was clear which team was superior, and that was always Tottenham. I wish my team could play like that, as a team, work for each other and above all, try to win no matter what. Vicario was awesome, Hojberg, Porro and the rest of the guys, that's a team, more so than most other teams. At the beginning of the season, I doubted this team, but this Tottenham side is different from all the others IMO, they have more capacity to actually win titles, they shouldn't see this result as a failure, neither should the fans, even as a neutral, it was difficult not to support them. If only Barca played like that, lol the contrast, we won but looked dead, Spurs lost horribly but looked better than their opponents who beat them lol.",Reddit
16,Has Messi just spoiled football standards forever? ( not blaming him ðŸ¤£),Artetaarmy,2023/09/03,"Messi is in the top 0.0000001% of all time in all offensive attributes. Passing, dribbling, shooting, playmaking and visually pleasing on the eye as well and he's been doing this for almost 15 years week in and week out ffs.Previously we had players who were best at one or two of these things but this is where Messi is different from others. He's one of a kind imo. If you said to a football fan in 1990s that there will be a player who will be the best passer, dribbler and he would score almost a goal a game as well, they would laugh probably. But Messi has made it a reality. Now anyone who dares to touch his legacy has this near impossible task ahead and I legit think that even the likes of mbappe, haaland and future players will not feel really special to fans(apart from their club and country fans obv)anymore since they  have witnessed Messi already and that's what I meant by Messi spoiling the standards.What do you guys think?",Reddit
17,"Iâ€™m aware that a lot of people hate that City won the UCL because of their finances, but they are the best team in the world and they deserved it as a squad.",Japatiil,2023/06/11,"Iâ€™m fully prepared for a lot of hate on this but no one will change my mind. Itâ€™s not Guardiolaâ€™s fault or the playersâ€™ fault that the club is rich. There are always wealthy teams. There are teams who have spent more and done nothing, there are teams who have broken FFP and won things. But this City team is incredibly good so purely from a footballing perspective, I find it very difficult to dislike them because they largely play beautifully.",Reddit
18,I love Lewandowski but here's why Messi deserved the Ballon D'or!!!,court-of-owl,2021/11/30,"Lewandowski deserved it in 2020 and its sad and painful as shit to see him not get the Ballon D'or he deserved.   Lewandowski had an amazing year. But unfortunately for lewa fans, Messi outperformed him this year.   Here's why:  **Winning Copa America**  No matter who you are, you've got to appreciate what Messi has done for his country this year. And you've got to feel happy for the man. This guy just deserved it. Here are the pointers:  * Ended a 28 year trophy drought for his country* Player of the Tournament* Top Goal scorer* Top Assist provider* Absolutely killed it. Seriously the guy was so good. One of the best performances at international level if not the best.   **Winning Cop del Rey**  This is something a lot of people are neglecting. Copa del Rey is pretty competitive. It's not a very easy trophy. But Messi won it!   But here's the part what in my opinion is **the biggest reason** why he deserves it.   Barca are a mess right now without Messi. Lat year, they one the Copa del Rey, and this year Barca isnt even able to qualify for the the Knockout stage of the champions league!!!   This just shows how much Messi carried Barca last year and took them to great heights.   >!Yes I know there was also Griezmann who left the club, but lets be honest. If you watched the games you know much he was involved. !<  **Stat Sheet**  A lot of people are using the stats to prove that Lewa deserved it. But they are just calculating the G/A.   If that were the deciding factor, our man, Leo would have won like 9 golden balls!   Please compare the Stat sheet. Messi leads in every category except Goals scored. >!Ignore Benzema here guys. Sorry. !<The Stat sheet speaks for itself. https://preview.redd.it/qvpggxkv4n281.jpg?width=843&format=pjpg&auto=webp&s=b2b8a1c82fb90594aa877467c866a1f2b8034df9I rest my case there. If you still think that Lewandowski deserved it **this year,** I'm reading your replies.",Reddit
19,Theory on why Saudi Arabia is throwing tonnes of money on transfers,tylerthe-theatre,2023/07/29,"Yes it's to build up the leagues stature and standing but it might also be a bit longer term than any of us are thinking, because Saudi Arabias ultra wealth is on a time limit. They're so heavily dependent on oil that they may be in trouble by the 2030s/40s with depleting resources, so now they're just spending a tonne on mega projects and their football leagues while they actually can.(And yes they're also aiming to pivot to other sources of income but weaning a whole economy off of heavy oil use is hard).Just a thought but its an interesting explainer as to why this all seems to be happening right now.",Reddit
20,"Most Chelsea ""fans"" are casuals",BlueGeni,2023/02/20,"I'm ready for the downvotes on this one but here goes. I am a longtime Chelsea fan but wasn't involved in the Chelsea ""community"" I guess (online people reading and listening to opinions) and I have got to say, outside of Arsenal fans, Chelsea fans got to be some of the most casual fans around. Some of the things you hear from this fanbase is utterly ridiculous. Calling for the managers head when he hasn't even had a full camp with the squad or 2 transfer windows. Game after game just making excuses and blaming Potter as if they've never seen a rebuild in football. I'm starting to think that some of these ""fans"" have been supporting the club only for the last 5 years or so and don't know what it takes to build a successful team.",Reddit
21,Peak Maradona was better than peak Messi,Welder-Tall,2022/01/17,"This is not an easy debate. It's hard to compare 2 players.  Overall one may say Messi had a better career than Maradona. More goals, more personal and team titles, Messi was also more professional, much more consistent, he didn't do stupid stuff like Maradona, like drugs, fights, parties, lack of discipline and so on.&#x200B;But for me peak Maradona was a beast. In 1986 WC he was simply taking opponent teams apart on his own, dribbling past 3-4 players and scoring goals or creating chances.Peak Messi was a great  player too. I really liked the young Messi, at age 18-21, when he was also very fast and strong, and could terrorize whole defense on his own. But in his mid 20's his game changed. He became slower, and focused primarily on scoring goals from chances created by Barca team play. Usually in big matches he was easily neutralized, he didn't carry the team. Like against Inter in 2010 semis, or Chelsea 2009 and 2012 semis, he did practically nothing, he was neutralized pretty easily. So if Barca shined then Messi also shined, but if Barca had troubles than Messi would disappear.Same for World Cups. In 2014 I don't remember him being pivotal in any of the important matches. His performance in 2014 was a far cry from Maradona's 86 performance, where the guy literally dribbled past everybody like in PlayStation game.So for me Maradona was something else.",Reddit
22,"With all due respect to Ronaldo fans, what on earth does Ronaldo have over Messi apart from 1 more UCL title?",NoahCGC,2023/02/21,"After the copa america and world cup, Messi has now enstated himself as the superior international player which is something Ronaldo could claim for a while. Now I'm struggling to see what people who think Ronaldo is the goat have over Messi.",Reddit
23,It seems like Messi is on top of the world while Christiano Ronaldo is done for?,mounteverest04,2023/08/07,"I just finished watching Inter Miami vs Dallas. And I found myself being emotionally invested. As a football fan, I always admired Christiano Ronaldo. But I just don't care about what he does now. I'm looking forward to seeing every Inter-Miami game. I'm a Real fan as well - but the other day, I tuned into Inter Miami vs Orlando instead of watching Juventus vs Real Madrid hahaAnyway, what's your impression about what's going on between these 2? Do you feel like Christiano Ronaldo has become totally irrelevant? And that it's the opposite for Messi???&#x200B;",Reddit
24,"2015 Neymar Vs 2023 Vinicius, who is better?",juankruh1250,2023/06/29,"Who do you think is better between both?For me Neymar by far, both great dribblers but Neymar was better in tight spaces while also being super fast like Vinicius. Neymar was also the vastly superior playmaker and passer, and he was also a better scoring.",Reddit
25,Unpopular opinion: The new club world cup will be a spectacle,sufinomo,2023/12/19,"Only having it every 4 years is all they needed to do in order to sell me on it. The world cup is special because its every four years, simple as that. If it was every year it would lose alot of its relevance. I started watching soccer in 2006, and back then the wc felt huge. Since then its slowly declined in terms of talent for whatever reason. It seems like club football has risen in that time period, which is why this is a good time to make a revamped club world cup. I honestly believe that as long as the prize money isnt a rip off then teams all over will take this very seriously. Small teams definetly do take the current CWC seriously, with the new format we will see European teams do the same im sure of it. The mere fact that its every 4 years will make it huge. Im genuinely upset that Liverpool will not be involved in it.I believe this will become a global spectacle and well see everybody talking about it. I think the oppurtunity for non European teams to show off their skills will get people excited. As an American ill be very excited to see Seatlle sounders represent the usa, and im sure people from other countries will be very excited to see their own nations represented. You just know that any time a European club gets knocked out by somebody itll be an earthquake of excitement. This is very good for the sport, itll help grow non European football leagues interest because itll feel more relevant to win these competitions that qualify you. ",Reddit
26,Let's end this Messi Vs Ronaldo,Thundervss22,2023/06/08,This just me writting for everyone one who is a Ronaldo fan and hate messi and vice versa. As fan of both it annoys me that people disrespect the 2 greatest players of all time Like why ? I saw the outpour of Messi fans when Ronaldo Joined Al nassr like why are mad at him he is 38 and now wants to relax and enjoy his football what's wrong with it same with Messi he also wants to do the same at Mls so what's wrong with it They both are different in thier ways and has amaized us with their playing style so now Let's stop this comparing thing that Ronaldo did this messi could never Or Messi can do this Ronaldo could never .Guys they both now don't play in Europe anymore we are now really just 2-3 years away then probably they both will retire so end this Messi Vs Ronaldo debate and let's Enjoy their presence in football Even if they are playing in Cyprus  Coz let's be honest we all will miss them once they Reiter even if you hated one of them,Reddit
27,Dynamic foot morphology explained through 4D scanning and shape modeling,"Abhishektha Boppana, Allison P. Anderson",2020/07/21,"A detailed understanding of foot morphology can enable the design of morecomfortable and better fitting footwear. However, foot morphology varies widelywithin the population, and changes dynamically during the loading of stancephase. This study presents a parametric statistical shape model from 4D footscans to capture both the inter- and intra-individual variability in footmorphology. Thirty subjects walked on a treadmill while 4D scans of their rightfoot were taken at 90 frames-per-second during stance phase. Each subject'sheight, weight, foot length, foot width, arch length, and sex were alsorecorded. The 4D scans were all registered to a common high-quality foot scan,and a principal component analysis was done on all processed 4D scans.Elastic-net linear regression models were built to predict the principalcomponent scores, which were then inverse transformed into 4D scans. The bestperforming model was selected with leave-one-out cross-validation. The chosenmodel was predicts foot morphology across stance phase with a root-mean squarederror of 5.2 +/- 2.0 mm. This study shows that statistical shape modeling canbe used to predict dynamic changes in foot morphology across the population.The model can be used to investigate and improve foot-footwear interaction,allowing for better fitting and more comfortable footwear.",Arxiv
28,Mobile Apps for Foot Measurement: A Scoping Review,"Muhammad Ashad Kabir, Sowmen Rahman, Mohammad Mainul Islam, Sayed Ahmed, Craig Laird",2020/09/09,"With the proliferation of smart phone, a major growth in the use of appsrelated to the health category, specifically those concerned with foot healthcan be observed. Although new, these apps are being used practically forscanning feet with an aim to providing accurate information about variousproperties of the human foot. With the availability of many 'foot scanning andmeasuring apps' in the app stores, the need for an evaluation system for suchapps can be deemed necessary as little information regarding the evidence-basedquality of these apps is available. To characterize the assessment ofmeasurement techniques and essential software quality characteristics of mobilefoot measuring apps, and determine their effectiveness for potential use ascommercial professional tools for foot care health professionals such aspedorthists, podiatrists, orthotists and so on, to assist in measuring foot forcustom shoes, and for individuals to enhance the awareness of foot health andhygiene and prevention of foot-related problems. An electronic search acrossAndroid and iOS app stores was conducted between July 2020 and August 2020 forapps related to foot measurement. Mobile apps with stated goals of footmeasurement and general foot health were identified and selected by threeindependent raters and discrepancies regarding the selected apps were resolvedvia a fourth rater. Evaluation inferences found all apps failing to meet evenhalf of the measurement-specific criteria required for the proper manufacturingof custom-made footwear. 23% (6/26) of apps were found to utilize eitherexternal scanners or advanced algorithms to reconstruct 3D models of user footthat can possibly be used for ordering custom-made footwear and medical castsfor fitting irregular foot sizes and shapes. Overall, current apps for footmeasurement do not follow any specific guidelines for measurement purposes.",Arxiv
29,f2IMU-R: Pedestrian Navigation by Low-cost Foot-Mounted Dual IMUs and  Inter-foot Ranging,"Maoran Zhu, Yuanxin Wu, Shitu Luo",2020/12/08,"Foot-mounted inertial sensors become popular in many indoor or GPS-deniedapplications, including but not limited to medical monitoring, gait analysis,soldier and first responder positioning. However, the foot-mounted inertialnavigation relies largely on the aid of Zero Velocity Update (ZUPT) and hasencountered inherent problems such as heading drift. This paper implements apedestrian navigation system based on dual foot-mounted low-cost inertialmeasurement units (IMU) and inter-foot ultrasonic ranging. The observabilityanalysis of the system is performed to investigate the roles of the ZUPTmeasurement and the foot-to-foot ranging measurement in improving the stateestimability. A Kalman-based estimation algorithm is mechanized in the Earthframe, rather than in the common local-level frame, which is found to beeffective in depressing the linearization error in Kalman filtering. Anellipsoid constraint in the Earth frame is also proposed to further restrictthe height drift. Simulation and real field experiments show that the proposedmethod has better robustness and positioning accuracy (about 0.1-0.2% travelleddistance) than the traditional pedestrian navigation schemes do.",Arxiv
30,Software Based Higher Order Structural Foot Abnormality Detection Using  Image Processing,"Arnesh Sen, Kaustav Sen, Jayoti Das",2019/04/11,The entire movement of human body undergoes through a periodic process namedGait Cycle. The structure of human foot is the key element to complete thecycle successfully. Abnormality of this foot structure is an alarming form ofcongenital disorder which results a classification based on the geometry of thehuman foot print image. Image processing is one of the most efficient way todetermine a number of footprint parameter to detect the severeness of disorder.This paper aims to detect the Flatfoot and High Arch foot abnormalities usingone of the footprint parameters named Modified Brucken Index by biomedicalimage processing.,Arxiv
31,Natural gaits of the non-pathological flat foot and high-arched foot,"Yifang Fan, Yubo Fan, Zhiyu Li, Changsheng Lv, Donglin Luo",2010/12/17,"There has been a controversy as to whether or not the non-pathological flatfoot and high-arched foot have an effect on human walking activities. The 3Dfoot scanning system was employed to obtain static footprints from subjectsadopting a half-weight-bearing stance. Based upon their footprints, thesubjects were divided into two groups: the flat-footed and the high-arched. Theplantar pressure measurement system was used to measure and record thesubjects' successive natural gaits. Two indices were proposed: distribution ofvertical ground reaction force (VGRF) of plantar and the rate of the footprintareas. Using these two indices to compare the natural gaits of the two subjectgroups, we found that (1) in stance phase, there is a significant difference(p<0.01) in the distributions of VGRF of plantar; (2) in a stride cycle, thereis also a significant difference (p<0.01) in the rates of the footprint areas.Our analysis suggests that when walking, the VGRF of the plantar brings greatermuscle tension to the flat-footed while a smaller rate of the footprint areasbrings greater stability to the high-arched.",Arxiv
32,Translation-Invariant Representation for Cumulative Foot Pressure Images,"Shuai Zheng, Kaiqi Huang, Tieniu Tan",2010/10/26,"Human can be distinguished by different limb movements and unique groundreaction force. Cumulative foot pressure image is a 2-D cumulative groundreaction force during one gait cycle. Although it contains pressure spatialdistribution information and pressure temporal distribution information, itsuffers from several problems including different shoes and noise, when puttingit into practice as a new biometric for pedestrian identification. In thispaper, we propose a hierarchical translation-invariant representation forcumulative foot pressure images, inspired by the success of Convolutional deepbelief network for digital classification. Key contribution in our approach isdiscriminative hierarchical sparse coding scheme which helps to learn usefuldiscriminative high-level visual features. Based on the feature representationof cumulative foot pressure images, we develop a pedestrian recognition systemwhich is invariant to three different shoes and slight local shape change.Experiments are conducted on a proposed open dataset that contains more than2800 cumulative foot pressure images from 118 subjects. Evaluations suggest theeffectiveness of the proposed method and the potential of cumulative footpressure images as a biometric.",Arxiv
33,Re-weighting of somatosensory inputs from the foot and the ankle for  controlling posture during quiet standing following trunk extensor muscles  fatigue,"Nicolas Vuillerme, Nicolas Pinsault",2008/02/13,"The present study focused on the effects of trunk extensor muscles fatigue onpostural control during quiet standing under different somatosensory conditionsfrom the foot and the ankle. With this aim, 20 young healthy adults were askedto stand as immobile as possible in two conditions of No fatigue and Fatigue oftrunk extensor muscles. In Experiment 1 (n = 10), somatosensation from the footand the ankle was degraded by standing on a foam surface. In Experiment 2 (n =10), somatosensation from the foot and ankle was facilitated through theincreased cutaneous feedback at the foot and ankle provided by strips ofathletic tape applied across both ankle joints. The centre of foot pressuredisplacements (CoP) were recorded using a force platform. The results showedthat (1) trunk extensor muscles fatigue increased CoP displacements undernormal somatosensatory conditions (Experiment 1 and Experiment 2), (2) thisdestabilizing effect was exacerbated when somatosensation from the foot and theankle was degraded (Experiment 1), and (3) this destabilizing effect wasmitigated when somatosensation from the foot and the ankle was facilitated(Experiment 2). Altogether, the present findings evidenced re-weighting ofsensory cues for controlling posture during quiet standing following trunkextensor muscles fatigue by increasing the reliance on the somatosensory inputsfrom the foot and the ankle. This could have implications in clinical andrehabilitative areas.",Arxiv
34,Fast B-spline Curve Fitting by L-BFGS,"Wenni Zheng, Pengbo Bo, Yang Liu, Wenping Wang",2011/12/30,"We propose a novel method for fitting planar B-spline curves to unorganizeddata points. In traditional methods, optimization of control points and footpoints are performed in two very time-consuming steps in each iteration: 1)control points are updated by setting up and solving a linear system ofequations; and 2) foot points are computed by projecting each data point onto aB-spline curve. Our method uses the L-BFGS optimization method to optimizecontrol points and foot points simultaneously and therefore it does not need toperform either matrix computation or foot point projection in every iteration.As a result, our method is much faster than existing methods.",Arxiv
35,A control model for zygodactyl bird's foot,"Anna Chiara Lai, Paola Loreti",2014/04/08,"In this paper we are interested to the zygodactyly phenomenon in birds, andin particolar in parrots. This arrangement, common in species living on trees,is a distribution of the foot with two toes facing forward and two back. Wegive a model for the foot, and thanks to the methods of iterated functionsystem we are able to describe the reachability set. Moreover we give anecessary and sufficient condition for the grasping problem. Finally weintroduce a hybrid dynamical system modeling owl's foot in various stages ofhunting (flying, attack, grasp).",Arxiv
36,Diabetic Foot Ulcer Grand Challenge 2022 Summary,"Connah Kendrick, Bill Cassidy, Neil D. Reeves, Joseph M. Pappachan, Claire O'Shea, Vishnu Chandrabalan, Moi Hoon Yap",2023/04/24,"The Diabetic Foot Ulcer Challenge 2022 focused on the task of diabetic footulcer segmentation, based on the work completed in previous DFU challenges. Thechallenge provided 4000 images of full-view foot ulcer images together withcorresponding delineation of ulcer regions. This paper provides an overview ofthe challenge, a summary of the methods proposed by the challenge participants,the results obtained from each technique, and a comparison of the challengeresults. The best-performing network was a modified HarDNet-MSEG, with a Dicescore of 0.7287.",Arxiv
37,A Computational Model of Force within the Ligaments and Tendons in  Progressive Collapsing Foot Deformity,"Hamed Malakoutikhah, Erdogan Madenci, L. Daniel Latt",2021/12/13,"Progressive collapsing foot deformity results from degeneration of theligaments and the posterior tibial tendon (PTT). Our understanding of therelationship between the failures of them remains incomplete. We sought toimprove this understanding through computational modeling of force in thesesoft tissues. The impact of PTT and ligament tears on force changes in theremaining ligaments was investigated using a previously validated finiteelement model of the foot. The ability of the PTT to restore foot alignment ina collapsed foot was evaluated by increasing the PTT force in a foot withattenuated ligaments and comparing the alignment angles to the intact foot.Rupture of any one of the ligaments led to overloading the remaining ligaments,except for the plantar naviculocuneiform, first plantar tarsometatarsal, andspring ligaments, where removing one led to unloading the other two. Theattenuation of the plantar fascia, long plantar, short plantar, and springligaments significantly overloaded the deltoid and talocalcaneal ligaments.Isolated PTT rupture had no effect on foot alignment, but did increase theforce in the deltoid and spring ligaments. Increasing the force within the PTTto 30% of body weight was effective at restoring foot alignment during quietstance, primarily through reducing hindfoot valgus and forefoot abduction asopposed to improving arch height. The attenuation of any one ligament oftenleads to overload of the remaining ligaments which may lead to progressivedegeneration. The PTT can maintain alignment in the collapsing foot, but at anincreased load which could lead to its injury. Early intervention, in the formof ligament repair or reconstruction, might be used to prevent the progressionof deformity. Moreover, strengthening the PTT through therapeutic exercisemight improve its ability to restore foot alignment.",Arxiv
38,Patterns of Urban Foot Traffic Dynamics,"Gregory Dobler, Jordan Vani, Trang Tran Linh Dam",2019/10/06,"Using publicly available traffic camera data in New York City, we quantifytime-dependent patterns in aggregate pedestrian foot traffic. These patternsexhibit repeatable diurnal behaviors that differ for weekdays and weekends butare broadly consistent across neighborhoods in the borough of Manhattan.Weekday patterns contain a characteristic 3-peak structure with increased foottraffic around 9:00am, 12:00-1:00pm, and 5:00pm aligned with the ""9-to-5"" workday in which pedestrians are on the street during their morning commute, duringlunch hour, and then during their evening commute. Weekend days do not show apeaked structure, but rather increase steadily until sunset. Our study periodof June 28, 2017 to September 11, 2017 contains two holidays, the 4th of Julyand Labor Day, and their foot traffic patterns are quantitatively similar toweekend days despite the fact that they fell on weekdays. Projecting all daysin our study period onto the weekday/weekend phase space (by regressing againstthe average weekday and weekend day) we find that Friday foot traffic can berepresented as a mixture of both the 3-peak weekday structure and non-peakedweekend structure. We also show that anomalies in the foot traffic patterns canbe used for detection of events and network-level disruptions. Finally, we showthat clustering of foot traffic time series generates associations betweencameras that are spatially aligned with Manhattan neighborhood boundariesindicating that foot traffic dynamics encode information about neighborhoodcharacter.",Arxiv
39,Design and Implementation of a Complete Wearable Smart Insole Solution  to Measure Plantar Pressure and Temperature,"Amith Khandakar, Sakib Mahmud, Muhammad E. H. Chowdhury, Mamun Bin Ibne Reaz, Serkan Kiranyaz, Zaid Bin Mahbub, Sawal Hamid Md Ali, Ahmad Ashrif A Bakar, Mohammed Alhatou, Mohammed AbdulMoniem",2022/06/15,"A complete smart insole solution that continuously monitors the foot plantarpressure and temperature can detect foot complications early and that too fromthe convenience of the user home. Widespread health complications such asDiabetic Mellitus need continuous foot complication monitoring to avoid severecomplications. With that motivation, this paper provides a detailed design of awearable insole using popular off-the-shelf sensors to monitor foot plantarpressure and temperature. The design provides details of which temperature andpressure to be used, circuit configuration for characterizing the sensors, andthe considerations for developing a compact Printed Circuit board design usingappropriate microcontrollers and communication protocol. The system alsoprovides details of how the foot pressure and temperature data from thesubjects using the sensors can be transferred wirelessly using a low-powerconsuming communication protocol to a central device where the data will berecorded. The investigation can help in developing a low-cost, feasible andportable foot monitoring system for patients by facilitating real-time, homemonitoring of foot condition using Gait Cycle or Foot Pressure patterns andtemperature heterogeneity between two feet. The proposed system will work inreal-time.",Arxiv
40,Learning Agile Locomotion and Adaptive Behaviors via RL-augmented MPC,"Yiyu Chen, Quan Nguyen",2023/10/13,"In the context of legged robots, adaptive behavior involves adaptivebalancing and adaptive swing foot reflection. While adaptive balancingcounteracts perturbations to the robot, adaptive swing foot reflection helpsthe robot to navigate intricate terrains without foot entrapment. In thispaper, we manage to bring both aspects of adaptive behavior to quadrupedlocomotion by combining RL and MPC while improving the robustness and agilityof blind legged locomotion. This integration leverages MPC's strength inpredictive capabilities and RL's adeptness in drawing from past experiences.Unlike traditional locomotion controls that separate stance foot control andswing foot trajectory, our innovative approach unifies them, addressing theirlack of synchronization. At the heart of our contribution is the synthesis ofstance foot control with swing foot reflection, improving agility androbustness in locomotion with adaptive behavior. A hallmark of our approach isrobust blind stair climbing through swing foot reflection. Moreover, weintentionally designed the learning module as a general plugin for differentrobot platforms. We trained the policy and implemented our approach on theUnitree A1 robot, achieving impressive results: a peak turn rate of 8.5 rad/s,a peak running speed of 3 m/s, and steering at a speed of 2.5 m/s. Remarkably,this framework also allows the robot to maintain stable locomotion whilebearing an unexpected load of 10 kg, or 83\% of its body mass. We furtherdemonstrate the generalizability and robustness of the same policy where itrealizes zero-shot transfer to different robot platforms like Go1 and AlienGorobots for load carrying. Code is made available for the use of the researchcommunity at https://github.com/DRCL-USC/RL_augmented_MPC.git",Arxiv
41,Bounded haptic teleoperation of a quadruped robot's foot posture for  sensing and manipulation,"Guiyang Xin, Joshua Smith, David Rytz, Wouter Wolfslag, Hsiu-Chin Lin, Michael Mistry",2019/12/16,"This paper presents a control framework to teleoperate a quadruped robot'sfoot for operator-guided haptic exploration of the environment. Since one legof a quadruped robot typically only has 3 actuated degrees of freedom (DoFs),the torso is employed to assist foot posture control via a hierarchicalwhole-body controller. The foot and torso postures are controlled by twoanalytical Cartesian impedance controllers cascaded by a null space projector.The contact forces acting on supporting feet are optimized by quadraticprogramming (QP). The foot's Cartesian impedance controller may also estimatecontact forces from trajectory tracking errors, and relay the force-feedback tothe operator. A 7D haptic joystick, Sigma.7, transmits motion commands to thequadruped robot ANYmal, and renders the force feedback. Furthermore, thejoystick's motion is bounded by mapping the foot's feasible force polytopeconstrained by the friction cones and torque limits in order to prevent theoperator from driving the robot to slipping or falling over. Experimentalresults demonstrate the efficiency of the proposed framework.",Arxiv
42,A Tactile Sensing Foot for Single Robot Leg Stabilization,"Guanlan Zhang, Yipai Du, Yazhan Zhan, Michael Yu Wang",2021/03/26,"Tactile sensing on human feet is crucial for motion control, however, has notbeen explored in robotic counterparts. This work is dedicated to endowingtactile sensing to legged robot's feet and showing that a single-legged robotcan be stabilized with only tactile sensing signals from its foot. We propose arobot leg with a novel vision-based tactile sensing foot system and implement aprocessing algorithm to extract contact information for feedback control instabilizing tasks. A pipeline to convert images of the foot skin intohigh-level contact information using a deep learning framework is presented.The leg was quantitatively evaluated in a stabilization task on a tiltingsurface to show that the tactile foot was able to estimate both the surfacetilting angle and the foot poses. Feasibility and effectiveness of the tactilesystem were investigated qualitatively in comparison with conventionalsingle-legged robotic systems using inertia measurement units (IMU).Experiments demonstrate the capability of vision-based tactile sensors inassisting legged robots to maintain stability on unknown terrains and thepotential for regulating more complex motions for humanoid robots.",Arxiv
43,Energy Efficient Foot-Shape Design for Bipedal Walkers on Granular  Terrain,"Xunjie Chen, Jingang Yi, Hao Wang",2023/09/15,"It is important to understand how bipedal walkers balance and walkeffectively on granular materials, such as sand and loose dirt, etc. This paperfirst presents a computational approach to obtain the motion and energyanalysis of bipedal walkers on granular terrains and then discusses anoptimization method for the robot foot-shape contour design for energyefficiently walking. We first present the foot-terrain interactioncharacteristics of the intrusion process using the resistive force theory thatprovides comprehensive force laws. Using human gait profiles, we compute andcompare the ground reaction forces and the external work for walking gaits withvarious foot shapes on granular terrains. A multi-objective optimizationproblem is finally formulated for the foot contour design considering energysaving and walking efficiency. It is interesting to find out a non-convex footshape gives the best performance in term of energy and locomotion efficiency onhard granular terrains. The presented work provides an enabling tool to furtherunderstand and design efficient and effective bipedal walkers on granularterrains.",Arxiv
44,Multi-functional foot use during running in the zebra-tailed lizard  (Callisaurus draconoides),"Chen Li, S. Tonia Hsieh, Daniel I. Goldman",2013/03/29,"A diversity of animals that run on solid, level, flat, non-slip surfacesappear to bounce on their legs; elastic elements in the limbs can store andreturn energy during each step. The mechanics and energetics of running innatural terrain, particularly on surfaces that can yield and flow under stress,is less understood. The zebra-tailed lizard (Callisaurus draconoides), a smalldesert generalist with a large, elongate, tendinous hind foot, runs rapidlyacross a variety of natural substrates. We use high speed video to obtaindetailed three-dimensional running kinematics on solid and granular surfaces toreveal how leg, foot, and substrate mechanics contribute to its high locomotorperformance. Running at ~10 body length/s (~1 m/s), the center of massoscillates like a spring-mass system on both substrates, with only 15%reduction in stride length on the granular surface. On the solid surface, astrut-spring model of the hind limb reveals that the hind foot saves about 40%of the mechanical work needed per step, significant for the lizard's smallsize. On the granular surface, a penetration force model and hypothesizedsubsurface foot rotation indicates that the hind foot paddles through fluidizedgranular medium, and that the energy lost per step during irreversibledeformation of the substrate does not differ from the reduction in themechanical energy of the center of mass. The upper hind leg muscles mustperform three times as much mechanical work on the granular surface as on thesolid surface to compensate for the greater energy lost within the foot and tothe substrate.",Arxiv
45,A Subject-Specific Four-Degree-of-Freedom Foot Interface to Control a  Robot Arm,"Yanpei Huang, Etienne Burdet, Lin Cao, Phuoc Thien Phan, Anthony Meng Huat Tiong, Soo Jay Phee",2019/02/13,"In robotic surgery, the surgeon controls robotic instruments using dedicatedinterfaces. One critical limitation of current interfaces is that they aredesigned to be operated by only the hands. This means that the surgeon can onlycontrol at most two robotic instruments at one time while many interventionsrequire three instruments. This paper introduces a novel four-degree-of-freedomfoot-machine interface which allows the surgeon to control a third roboticinstrument using the foot, giving the surgeon a ""third hand"". This interface isessentially a parallel-serial hybrid mechanism with springs and force sensors.Unlike existing switch-based interfaces that can only un-intuitively generatemotion in discrete directions, this interface allows intuitive control of aslave robotic arm in continuous directions and speeds, naturally matching thefoot movements with dynamic force & position feedbacks. An experiment with tennaive subjects was conducted to test the system. In view of the significantvariance of motion patterns between subjects, a subject-specific mapping fromfoot movements to command outputs was developed using Independent ComponentAnalysis (ICA). Results showed that the ICA method could accurately identifysubjects' foot motion patterns and significantly improve the predictionaccuracy of motion directions from 68% to 88% as compared with the forwardkinematics-based approach. This foot-machine interface can be applied for theteleoperation of industrial/surgical robots independently or in coordinationwith hands in the future.",Arxiv
46,"UnderPressure: Deep Learning for Foot Contact Detection, Ground Reaction  Force Estimation and Footskate Cleanup","Lucas Mourot, Ludovic Hoyet, FranÃ§ois Le Clerc, Pierre Hellier",2022/08/09,"Human motion synthesis and editing are essential to many applications likefilm post-production. However, they often introduce artefacts in motions, whichcan be detrimental to the perceived realism. In particular, footskating is afrequent and disturbing artefact requiring foot contacts knowledge to becleaned up. Current approaches to obtain foot contact labels rely either onunreliable threshold-based heuristics or on tedious manual annotation. In thisarticle, we address foot contact label detection from motion with a deeplearning. To this end, we first publicly release UnderPressure, a novel motioncapture database labelled with pressure insoles data serving as reliableknowledge of foot contact with the ground. Then, we design and train a deepneural network to estimate ground reaction forces exerted on the feet frommotion data and then derive accurate foot contact labels. The evaluation of ourmodel shows that we significantly outperform heuristic approaches based onheight and velocity thresholds and that our approach is much more robust onmotion sequences suffering from perturbations like noise or footskate. Wefurther propose a fully automatic workflow for footskate cleanup: foot contactlabels are first derived from estimated ground reaction forces. Then, footskateis removed by solving foot constraints through an optimisation-based inversekinematics (IK) approach that ensures consistency with the estimated groundreaction forces. Beyond footskate cleanup, both the database and the method wepropose could help to improve many approaches based on foot contact labels orground reaction forces, including inverse dynamics problems like motionreconstruction and learning of deep motion models in motion synthesis orcharacter animation. Our implementation, pre-trained model as well as links todatabase can be found at https://github.com/InterDigitalInc/UnderPressure.",Arxiv
47,Dynamic Principles of Center of Mass in Human Walking,"Yifang Fan, Mushtaq Loan, Yubo Fan, Zhiyu Li, Changsheng Lv",2010/04/20,"We present results of an analytic and numerical calculation that studies therelationship between the time of initial foot contact and the ground reactionforce of human gait and explores the dynamic principle of center of mass.Assuming the ground reaction force of both feet to be the same in the samephase of a stride cycle, we establish the relationships between the time ofinitial foot contact and the ground reaction force, acceleration, velocity,displacement and average kinetic energy of center of mass. We employ thedispersion to analyze the effect of the time of the initial foot contact thatimposes upon these physical quantities. Our study reveals that when the time ofone foot's initial contact falls right in the middle of the other foot's stridecycle, these physical quantities reach extrema. An action function has beenidentified as the dispersion of the physical quantities and optimized analysisused to prove the least-action principle in gait. In addition to being verysignificant to the research domains such as clinical diagnosis, biped robot'sgait control, the exploration of this principle can simplify our understandingof the basic properties of gait.",Arxiv
48,Effect Of Running Shoes on Foot Impact During Running,Henry Nassif,2016/09/07,"Running is part of almost every sport, and requires a great amount ofstamina, endurance, mental toughness and overall strength. At every step, thefoot experiences ground reaction forces necessary to support the motion of thebody. With the advancements in shoe technology, running shoes have grown inpopularity among runners, as well as non-runners, because they reduce the riskof injuries from the impact felt by the foot. The purpose of this report is toanalyze the effect of running shoes on impact forces on the foot. This isachieved through the use of three force pads fixed at different locations onthe foot The force measured by each sensor is then used to estimate thevertical ground reaction force, using the sensors' calibrations equations .Based on the ground reaction force, the effective mass corresponding to themomentum change occurring during the transient phase of the impact isestimated. The results show that running at 9 miles per hour without runningshoes generates an effective mass of (14.9 +/- 4.8)% of the total body mass,while running at the same speed with running shoes generates an effective massof (7.8 +/- 1.5 )% of the total body mass. The values highlight a significantreduction in the risk of pain or injuries accomplished by wearing running shoes",Arxiv
49,From Kinematics To Dynamics: Estimating Center of Pressure and Base of  Support from Video Frames of Human Motion,"Jesse Scott, Christopher Funk, Bharadwaj Ravichandran, John H. Challis, Robert T. Collins, Yanxi Liu",2020/01/02,"To gain an understanding of the relation between a given human pose image andthe corresponding physical foot pressure of the human subject, we propose andvalidate two end-to-end deep learning architectures, PressNet andPressNet-Simple, to regress foot pressure heatmaps (dynamics) from 2D humanpose (kinematics) derived from a video frame. A unique video and foot pressuredata set of 813,050 synchronized pairs, composed of 5-minute long choreographedTaiji movement sequences of 6 subjects, is collected and used forleaving-one-subject-out cross validation. Our initial experimental resultsdemonstrate reliable and repeatable foot pressure prediction from a singleimage, setting the first baseline for such a complex cross modality mappingproblem in computer vision. Furthermore, we compute and quantitatively validatethe Center of Pressure (CoP) and Base of Support (BoS) from predicted footpressure distribution, obtaining key components in pose stability analysis fromimages with potential applications in kinesiology, medicine, sports androbotics.",Arxiv
50,Variable Horizon MPC with Swing Foot Dynamics for Bipedal Walking  Control,"Elham Daneshmand, Majid Khadiv, Felix Grimminger, Ludovic Righetti",2020/10/16,"In this paper, we present a novel two-level variable Horizon Model PredictiveControl (VH-MPC) framework for bipedal locomotion. In this framework, thehigher level computes the landing location and timing (horizon length) of theswing foot to stabilize the unstable part of the center of mass (CoM) dynamics,using feedback from the CoM states. The lower level takes into account theswing foot dynamics and generates dynamically consistent trajectories forlanding at the desired time as close as possible to the desired location. To dothat, we use a simplified model of the robot dynamics projected in swing footspace that takes into account joint torque constraints as well as the frictioncone constraints of the stance foot. We show the effectiveness of our proposedcontrol framework by implementing robust walking patterns on ourtorque-controlled and open-source biped robot, Bolt. We report extensivesimulations and real robot experiments in the presence of various disturbancesand uncertainties.",Arxiv
51,Deciding Foot-sortability and Minimal 2-bounded Non-foot-sortable Sock  Orderings,Hung-Hsun Hans Yu,2023/12/22,"A sock ordering is a sequence of socks with different colors. A sock orderingis foot-sortable if the sequence of socks can be sorted by a stack so thatsocks with the same color form a contiguous block. The problem of decidingwhether a given sock ordering is foot-sortable was first considered by Defantand Kravitz, who resolved the case for alignment-free 2-uniform sock orderings.In this paper, we resolve the problem in a more general setting, where eachcolor appears in the sock ordering at most twice. A key component of theargument is a fast algorithm that determines the foot-sortability of a sockordering of length $N$ in time $O(N\log N)$, which is also an interestingresult on its own.",Arxiv
52,Preprint Imagining In-Air Interaction for Hemiplegia Sufferer,"Zhihan Lv, Haibo Li",2015/04/13,"This is the preprint version of our paper on 2015 International Conference onVirtual Rehabilitation (ICVR2015). In this paper, we described the imaginationscenarios of a touch-less interaction technology for hemiplegia, which cansupport either hand or foot interaction with the smartphone or head mounteddevice (HMD). The computer vision interaction technology is implemented in ourprevious work, which provides a core support for gesture interaction byaccurately detecting and tracking the hand or foot gesture. The patientsinteract with the application using hand/foot gesture motion in the cameraview.",Arxiv
53,Smart Diabetic Socks: Embedded device for diabetic foot prevention,"Antoine Perrier, Nicolas Vuillerme, Vincent Luboz, Marek Bucki, Francis Cannard, Bruno Diot, Denis Colin, Delphine Rin, Jean-Philippe Bourg, Yohan Payan",2014/04/15,"1) Objectives Most foot ulcers are the consequence of a trauma (repetitivehigh stress, ill-fitting footwear, or an object inside the shoe) associated todiabetes. They are often followed by amputation and shorten life expectancy.This paper describes the prototype of the Smart Diabetic Socks that has beendeveloped in the context of the French ANR TecSan project. The objective is toprevent pressure foot ulcers for diabetic persons. 2) Material and methods Afully wireless, customizable and washable ""smart sock"" has been designed. It ismade of a textile which fibers are knitted in a way they provide measurementsof the pressure exerted under and all around the foot in real-life conditions.This device is coupled with a subject-specific Finite Element foot model thatsimulates the internal strains within the soft tissues of the foot. 3) ResultsA number of derived stress indicators can be computed based on that analysis,such as the accumulated stress dose, high internal strains or peak pressuresnear bony prominences during gait. In case of risks for pressure ulcer, analert is sent to the person and/or to the clinician. A watch, a smart-phone ora distant laptop can be used for providing such alert.",Arxiv
54,Development of a system to profile foot temperatures of the plantar and  the periphery,"K. C. M. Madarasingha, W. N. D. Perera, A. M. A. I. Rathnayaka, H. P. Savindu, S. Jayasinghe, K. T. D. Kahaduwa, A. C. De Silva",2019/01/10,Foot temperature profiling is of utmost importance is mitigating the adverseeffects due to foot complications especially due to diabetes. Contactlesstemperature monitoring methods could be used effectively in large scale forpatient screening. Near-infrared thermography has proven to be convenient andaccurate for temperature profiling. The objective of this study is to develop adiagnostic device using the said imaging technology to detect as well asprogress monitoring of foot complications. The device we have developed iscapable of scanning the foot plantar and the periphery and it is alsoaccompanied by a semi-supervised thermal image analysis algorithm which isconvenient to the clinician. Preliminary clinical testing conducted using 6diabetic subjects out of which 2 had ulcers in either foot and 9 non-diabeticsubjects 2 of which had wounds on the plantar. The system was able to detectthe ulcerated areas and wounds with the algorithm developed specifically forthermal image analysis.,Arxiv
55,A Three-limb Teleoperated Robotic System with Foot Control for Flexible  Endoscopic Surgery,"Yanpei Huang, Wenjie Lai, Lin Cao, Jiajun Liu, Xiaoguo Li, Etienne Burdet, Soo Jay Phee",2020/07/12,"Flexible endoscopy requires high skills to manipulate both the endoscope andassociated instruments. In most robotic flexible endoscopic systems, theendoscope and instruments are controlled separately by two operators, which mayresult in communication errors and inefficient operation. We present a novelteleoperation robotic endoscopic system that can be commanded by a surgeonalone. This 13 degrees-of-freedom (DoF) system integrates a foot-controlledrobotic flexible endoscope and two hand-controlled robotic endoscopicinstruments (a robotic grasper and a robotic cauterizing hook). Afoot-controlled human-machine interface maps the natural foot gestures to the4-DoF movements of the endoscope, and two hand-controlled interfaces map themovements of the two hands to the two instruments individually. The proposedrobotic system was validated in an ex-vivo experiment carried out by sixsubjects, where foot control was also compared with a sequential clutch-basedhand control scheme. The participants could successfully teleoperate theendoscope and the two instruments to cut the tissues at scattered target areasin a porcine stomach. Foot control yielded 43.7% faster task completion andrequired less mental effort as compared to the clutch-based hand controlscheme. The system introduced in this paper is intuitive for three-limbmanipulation even for operators without experience of handling the endoscopeand robotic instruments. This three-limb teleoperated robotic system enablesone surgeon to intuitively control three endoscopic tools which normallyrequire two operators, leading to reduced manpower, less communication errors,and improved efficiency.",Arxiv
56,Diabetic Foot Ulcer Grand Challenge 2021: Evaluation and Summary,"Bill Cassidy, Connah Kendrick, Neil D. Reeves, Joseph M. Pappachan, Claire O'Shea, David G. Armstrong, Moi Hoon Yap",2021/11/19,"Diabetic foot ulcer classification systems use the presence of woundinfection (bacteria present within the wound) and ischaemia (restricted bloodsupply) as vital clinical indicators for treatment and prediction of woundhealing. Studies investigating the use of automated computerised methods ofclassifying infection and ischaemia within diabetic foot wounds are limited dueto a paucity of publicly available datasets and severe data imbalance in thosefew that exist. The Diabetic Foot Ulcer Challenge 2021 provided participantswith a more substantial dataset comprising a total of 15,683 diabetic footulcer patches, with 5,955 used for training, 5,734 used for testing and anadditional 3,994 unlabelled patches to promote the development ofsemi-supervised and weakly-supervised deep learning techniques. This paperprovides an evaluation of the methods used in the Diabetic Foot Ulcer Challenge2021, and summarises the results obtained from each network. The bestperforming network was an ensemble of the results of the top 3 models, with amacro-average F1-score of 0.6307.",Arxiv
57,HarDNet-DFUS: An Enhanced Harmonically-Connected Network for Diabetic  Foot Ulcer Image Segmentation and Colonoscopy Polyp Segmentation,"Ting-Yu Liao, Ching-Hui Yang, Yu-Wen Lo, Kuan-Ying Lai, Po-Huai Shen, Youn-Long Lin",2022/09/15,"We present a neural network architecture for medical image segmentation ofdiabetic foot ulcers and colonoscopy polyps. Diabetic foot ulcers are caused byneuropathic and vascular complications of diabetes mellitus. In order toprovide a proper diagnosis and treatment, wound care professionals need toextract accurate morphological features from the foot wounds. Usingcomputer-aided systems is a promising approach to extract related morphologicalfeatures and segment the lesions. We propose a convolution neural networkcalled HarDNet-DFUS by enhancing the backbone and replacing the decoder ofHarDNet-MSEG, which was SOTA for colonoscopy polyp segmentation in 2021. Forthe MICCAI 2022 Diabetic Foot Ulcer Segmentation Challenge (DFUC2022), we trainHarDNet-DFUS using the DFUC2022 dataset and increase its robustness by means offive-fold cross validation, Test Time Augmentation, etc. In the validationphase of DFUC2022, HarDNet-DFUS achieved 0.7063 mean dice and was ranked thirdamong all participants. In the final testing phase of DFUC2022, it achieved0.7287 mean dice and was the first place winner. HarDNet-DFUS also deliverexcellent performance for the colonoscopy polyp segmentation task. It achieves0.924 mean Dice on the famous Kvasir dataset, an improvement of 1.2\% over theoriginal HarDNet-MSEG. The codes are available onhttps://github.com/kytimmylai/DFUC2022 (for Diabetic Foot Ulcers Segmentation)and https://github.com/YuWenLo/HarDNet-DFUS (for Colonoscopy PolypSegmentation).",Arxiv
58,AI-Driven Personalised Offloading Device Prescriptions: A Cutting-Edge  Approach to Preventing Diabetes-Related Plantar Forefoot Ulcers and  Complications,"Sayed Ahmed, Muhammad Ashad Kabir, Muhammad E. H. Chowdhury, Susan Nancarrow",2023/09/06,"Diabetes-related foot ulcers and complications are a significant concern forindividuals with diabetes, leading to severe health implications such aslower-limb amputation and reduced quality of life. This chapter discussesapplying AI-driven personalised offloading device prescriptions as an advancedsolution for preventing such conditions. By harnessing the capabilities ofartificial intelligence, this cutting-edge approach enables the prescription ofoffloading devices tailored to each patient's specific requirements. Thisincludes the patient's preferences on offloading devices such as footwear andfoot orthotics and their adaptations that suit the patient's intention of useand lifestyle. Through a series of studies, real-world data analysis andmachine learning algorithms, high-risk areas can be identified, facilitatingthe recommendation of precise offloading strategies, including custom orthoticinsoles, shoe adaptations, or specialised footwear. By includingpatient-specific factors to promote adherence, proactively addressing pressurepoints and promoting optimal foot mechanics, these personalised offloadingdevices have the potential to minimise the occurrence of foot ulcers andassociated complications. This chapter proposes an AI-powered Clinical DecisionSupport System (CDSS) to recommend personalised prescriptions of offloadingdevices (footwear and insoles) for patients with diabetes who are at risk offoot complications. This innovative approach signifies a transformative leap indiabetic foot care, offering promising opportunities for preventive healthcareinterventions.",Arxiv
59,Experimental implications of mirror matter-type dark matter,R. Foot,2003/09/11,"Mirror matter-type dark matter is one dark matter candidate which isparticularly well motivated from high energy physics. The theoreticalmotivation and experimental evidence are pedagogically reviewed, with emphasison the implications of recent orthopositronium experiments, the DAMA/NaI darkmatter search, anomalous meteorite events etc.",Arxiv
60,An alternative SU(4) x SU(2)L x SU(2)R model,R. Foot,1997/08/01,A simple alternative to the usual Pati-Salam model is proposed. The modelallows quarks and leptons to be unified with gauge group $SU(4) \otimes SU(2)_L\otimes SU(2)_R$ at a remarkably low scale of about 1 TeV. Neutrino masses inthe model arise radiatively and are naturally light.,Arxiv
61,Neutrino masses in the SU(5)xSU(5)' mirror symmetric model,"M. Collie, R. Foot",1998/03/06,"Motivated by the atmospheric and solar neutrino anomalies, we study neutrinomasses in a parity invariant SU(5)xSU(5)' grand unified model. Constraints fromphoton-mirror photon kinetic mixing are discussed.",Arxiv
62,Can the mirror world explain the ortho-positronium lifetime puzzle?,"R. Foot, S. N. Gninenko",2000/03/29,We suggest that the discrepant lifetime measurements of ortho-positronium canbe explained by ortho-positronium oscillations into mirror ortho-positronium.This explanation can be tested in future vacuum experiments.,Arxiv
63,Is the $Î½_Î¼--> Î½_s$ oscillation solution to the atmospheric  neutrino anomaly excluded by the superKamiokande data?,R. Foot,2000/07/07,Recently the SuperKamiokande collaboration have claimed that their dataexclude the $\nu_\mu --> \nu_s$ solution to the atmospheric neutrino anomaly atmore than 99% C.L. We critically examine this claim.,Arxiv
64,Does mirror matter exist?,Robert Foot,2002/07/14,"One of the most fascinating ideas coming from particle physics is the conceptof mirror matter. Mirror matter is a new form of matter which is predicted toexist if mirror symmetry is respected by nature. At the preset time evidencethat mirror matter actually exists is in abundance, coming from a range ofobservations and experiments in astronomy, particle physics, meteoritics andplanetary science.",Arxiv
65,Some comments on Super-Kamiokande's multi-ring analysis,R. Foot,2003/03/03,The super-Kamiokande collaboration have used multi-ring events todiscriminate between the $\nu_\mu --> \nu_\tau$ and $\nu_\mu --> \nu_s$solutions to the atmospheric neutrino anomaly. We show that the effect ofsystematic uncertainties in cross sections are so significant that theusefulness of multi-ring data to distinguish between these two solutions isdoubtful.,Arxiv
66,Avoiding the gauge heirarchy problem with see-sawed neutrino masses,R. Foot,2005/05/18,We show that the see-saw neutrino mass mechanism can coexist naturally withan extended gauge symmetry (i.e. without any gauge heirarchy problem) providedthat the gauge symmetry contains gauged lepton number differences. The simplestsuch `natural' see-saw models are constructed and their implications forneutrino anomalies discussed.,Arxiv
67,Mirror dark matter,R. Foot,2007/06/19,"A mirror sector of particles and forces provides a simple explanation of theinferred dark matter of the Universe. The status of this theory is reviewed -with emphasis on how the theory explains the impressive DAMA/NaI annualmodulation signal, whilst also being consistent with the null results of theother direct detection experiments.",Arxiv
68,Fine Magnetic Structure and Origin of Counter-Streaming Mass Flows in a  Quiescent Solar Prominence,"Yuandeng Shen, Yu Liu, Ying D. Liu, P. F. Chen, Jiangtao Su, Zhi Xu, Zhong Liu",2015/11/08,"We present high-resolution observations of a quiescent solar prominence whichwas consisted of a vertical and a horizontal foot encircled by an overlyingspine, and counter-streaming mass flows were ubiquitous in the prominence.While the horizontal foot and the spine were connecting to the solar surface,the vertical foot was suspended above the solar surface and supported by asemicircular bubble structure. The bubble first collapsed and then reformed ata similar height, finally, it started to oscillate for a long time. We findthat the collapsing and oscillation of the bubble boundary were tightlyassociated with a flare-like feature located at the bottom of the bubble. Basedon the observational results, we propose that the prominence should be composedof an overlying horizontal spine encircling a low-lying horizontal and avertical foot, in which the horizontal foot was consisted of shorter fieldlines running partially along the spine and with the both ends connecting tothe solar surface, while the vertical foot was consisted of piling-up dips dueto the sagging of the spine fields and supported by a bipolar magnetic systemformed by parasitic polarities (i.e., the bubble). The upflows in the verticalfoot were possibly caused by the magnetic reconnection at the separator betweenthe bubble and the overlying dips, which intruded into the persistent downflowfield and formed the picture of counter-streaming mass flows. In addition, thecounter-streaming flows in the horizontal foot were possibly caused by theimbalanced pressure at the both ends.",Arxiv
